{"cameraMode":{"drawMode":0,"name":"Shaded","section":"Shading Mode"},"sceneLighting":false,"audioPlay":false,"sceneViewState":{"showFog":true,"showMaterialUpdate":false,"showSkybox":false,"showFlares":true,"showImageEffects":true,"showParticleSystems":true},"in2DMode":false,"pivot":{"x":0.0077923620119690899,"y":1.300836443901062,"z":0.0},"rotation":{"x":-0.2557872533798218,"y":0.6223273873329163,"z":-0.22597596049308778,"w":-0.7044267058372498},"size":1.092961072921753,"orthographic":false}