{"cameraMode":{"drawMode":0,"name":"Shaded","section":"Shading Mode"},"sceneLighting":false,"audioPlay":false,"sceneViewState":{"showFog":true,"showMaterialUpdate":false,"showSkybox":false,"showFlares":true,"showImageEffects":true,"showParticleSystems":true},"in2DMode":false,"pivot":{"x":5.960464477539063e-8,"y":0.5,"z":-5.960464477539063e-8},"rotation":{"x":-0.18210221827030183,"y":0.41862794756889346,"z":-0.08608397096395493,"w":-0.8855469822883606},"size":0.8660285472869873,"orthographic":true}