{"cameraMode":{"drawMode":0,"name":"Shaded","section":"Shading Mode"},"sceneLighting":true,"audioPlay":false,"sceneViewState":{"showFog":true,"showMaterialUpdate":false,"showSkybox":true,"showFlares":true,"showImageEffects":true,"showParticleSystems":true},"in2DMode":false,"pivot":{"x":9.498811721801758,"y":0.05196857452392578,"z":9.833945274353028},"rotation":{"x":-0.1469288468360901,"y":0.7614575624465942,"z":-0.1853809803724289,"w":-0.603514552116394},"size":9.024153709411621,"orthographic":false}