{"cameraMode":{"drawMode":0,"name":"Shaded","section":"Shading Mode"},"sceneLighting":false,"audioPlay":false,"sceneViewState":{"showFog":true,"showMaterialUpdate":false,"showSkybox":false,"showFlares":true,"showImageEffects":true,"showParticleSystems":true},"in2DMode":false,"pivot":{"x":712.9635620117188,"y":503.7508239746094,"z":119.432861328125},"rotation":{"x":0.08820079267024994,"y":0.06420307606458664,"z":-0.005696860142052174,"w":0.9940156936645508},"size":663.7481689453125,"orthographic":false}