{"cameraMode":{"drawMode":0,"name":"Shaded","section":"Shading Mode"},"sceneLighting":false,"audioPlay":false,"sceneViewState":{"showFog":true,"showMaterialUpdate":false,"showSkybox":false,"showFlares":true,"showImageEffects":true,"showParticleSystems":true},"in2DMode":false,"pivot":{"x":4.326446533203125,"y":1.4998779296875,"z":-0.985595703125},"rotation":{"x":-0.3173285722732544,"y":0.2846227288246155,"z":-0.1004539281129837,"w":-0.8990433216094971},"size":4.071703910827637,"orthographic":true}