{"cameraMode":{"drawMode":0,"name":"Shaded","section":"Shading Mode"},"sceneLighting":false,"audioPlay":false,"sceneViewState":{"showFog":true,"showMaterialUpdate":false,"showSkybox":false,"showFlares":true,"showImageEffects":true,"showParticleSystems":true},"in2DMode":false,"pivot":{"x":-0.0762939453125,"y":0.67681884765625,"z":0.04071044921875},"rotation":{"x":-0.18159975111484528,"y":0.150391086935997,"z":-0.028109746053814889,"w":-0.9714136719703674},"size":0.730295717716217,"orthographic":true}