{"cameraMode":{"drawMode":0,"name":"Shaded","section":"Shading Mode"},"sceneLighting":false,"audioPlay":false,"sceneViewState":{"showFog":true,"showMaterialUpdate":false,"showSkybox":false,"showFlares":true,"showImageEffects":true,"showParticleSystems":true},"in2DMode":false,"pivot":{"x":-0.0762939453125,"y":0.67681884765625,"z":0.04071044921875},"rotation":{"x":-0.2392624318599701,"y":0.29352936148643496,"z":-0.07619832456111908,"w":-0.9224236011505127},"size":1.9124562740325928,"orthographic":true}