{"cameraMode":{"drawMode":0,"name":"Shaded","section":"Shading Mode"},"sceneLighting":false,"audioPlay":false,"sceneViewState":{"showFog":true,"showMaterialUpdate":false,"showSkybox":false,"showFlares":true,"showImageEffects":true,"showParticleSystems":true},"in2DMode":false,"pivot":{"x":-0.0762939453125,"y":0.67681884765625,"z":0.04071044921875},"rotation":{"x":-0.41215309500694277,"y":-0.0035558610688894989,"z":0.001609488041140139,"w":-0.9111303091049194},"size":0.9847763180732727,"orthographic":true}